שם הזמנה,שם 1,טלפון 1,שם 2,טלפון 2,שם 3,טלפון 3,שם 4,טלפון 4,קבוצה
משפחת כהן,דוד כהן,050-1234567,יעל כהן,0521234567,נועה כהן,,עומר כהן,,משפחה חתן
משפחת לוי,משה לוי,0541112233,רחל לוי,0541112244,,,,,משפחה חתן
סבא וסבתא כהן,אברהם כהן,0523334455,שרה כהן,,,,,,משפחה חתן
משפחת ישראלי,אבי ישראלי,972501112233,מיכל ישראלי,+972502223344,תמר ישראלי,,יונתן ישראלי,,משפחה כלה
משפחת פרידמן,שלמה פרידמן,0587778899,דינה פרידמן,0587778800,,,,,משפחה כלה
דודה רבקה,רבקה אברמוב,0504445566,,,,,,,משפחה כלה
רון ודנה,רון לוי,0541234567,דנה לוי,0527654321,,,,,חברים
גל,גל מזרחי,0509876543,,,,,,,צבא
אורי ושירה,אורי בן דוד,0531231234,שירה בן דוד,0531231235,,,,,צבא
נדב,נדב שמש,0545551212,,,,,,,צבא
עידו וליהי,עידו גולן,0526667788,ליהי גולן,0526667799,,,,,אוניברסיטה
מאיה,מאיה רוזן,0508889900,,,,,,,אוניברסיטה
תומר,תומר אשכנזי,0549990011,,,,,,,אוניברסיטה
משפחת אזולאי,יוסי אזולאי,0501212121,סיגל אזולאי,0501212122,ליאור אזולאי,,,,עבודה
הילה,הילה פרץ,0583434343,,,,,,,עבודה
אלון ונועם,אלון דהן,0505656565,נועם דהן,0505656566,,,,,חברים
Sarah & Mike,Sarah Johnson,+14155552671,Mike Johnson,,,,,,Friends
משפחת ביטון,אלי ביטון,0527878787,,,,,,,שכנים
דנה,דנה כץ,0509090909,,,,,,,חברים
משפחת מלכה,חיים מלכה,0541616161,אסתר מלכה,0541616162,דניאל מלכה,0541616163,שירן מלכה,,משפחה חתן
